313,12122659,1933,1121,1419,1571,730.73,629.3,1217,975,690,100,70,-59.75
313,12122660,1935,903,1836,836,721.6,634.41,1217,975,690,100,70,6.93
313,12123536,1359,1748,733,1400,785.93,644.11,1217,975,690,100,70,-59.12
313,12124332,1085,284,1854,955,703.49,637.31,1217,975,690,100,70,-99.02
313,12124551,1255,276,1797,695,700.03,644.05,1217,975,690,100,70,-61.12
313,12124798,1064,1705,610,1186,745.86,642.63,1217,975,690,100,70,-58.99
313,12125104,997,306,1734,596,704.24,641.04,1217,975,690,100,70,-71.96
313,12125152,1224,1726,673,1318,751.03,643.11,1217,975,690,100,70,-58.3
313,12125157,1254,276,1846,937,699.98,630.15,1217,975,690,100,70,-83.51
313,12125389,857,367,1799,1225,706.59,633.42,1217,975,690,100,70,-143.88
313,12125392,1282,1712,693,1354,739.86,646.7,1217,975,690,100,70,-59.16
313,12125412,1820,630,1702,566,694.72,634.43,1217,975,690,100,70,10.37
313,12125817,858,367,1847,991,706.08,630.2,1217,975,690,100,70,-122.01
313,12126113,1704,443,1294,331,721.24,648.59,1217,975,690,100,70,35.65
313,12126509,668,527,1614,470,708.59,642.37,1217,975,690,100,70,-88.96
313,12133252,1909,1209,1851,952,730.49,634.42,1217,975,690,100,70,20.76
313,12133412,1366,284,1801,1227,706.88,636.05,1217,975,690,100,70,-101.17
313,12133455,834,381,1766,1301,706.77,556.49,1217,975,690,100,70,-153.52
313,12133458,1496,1662,1460,1572,741.49,644.56,1217,975,690,100,70,0.05
314,12123903,513,1130,580,807,720.86,658.78,1217,975,685,90,50,-27.19
314,12125258,1317,237,583,802,744.74,657.18,1217,975,685,90,50,82.45
314,12125259,537,1194,636,663,714.4,659.47,1217,975,685,90,50,-46.09
314,12125429,639,1409,654,1303,722.8,651.58,1217,975,685,90,50,-6.68
314,12125495,540,756,605,731,711.54,658.85,1217,975,685,90,50,-3.81
314,12125798,494,1090,578,819,732.09,657.77,1217,975,685,90,50,-22.76
314,12126195,648,1433,581,822,730.43,654.14,1217,975,685,90,50,-52.36
314,12134193,1813,593,612,729,707.91,653.1,1217,975,685,90,50,125.22
314,12134236,1636,1580,955,1558,735.93,639.17,1217,975,685,90,50,-58.9
314,12134238,1551,305,597,775,748.64,651.46,1217,975,685,90,50,98.62
314,12134249,1945,937,597,774,728.99,651.77,1217,975,685,90,50,159.05
314,12134286,1572,1601,574,899,719.65,647.48,1217,975,685,90,50,-126.3
314,12134287,678,503,569,921,716.45,650.25,1217,975,685,90,50,36.44
315,12124809,1289,259,677,602,719.61,656.3,1217,975,685,75,50,61.11
315,12125074,1066,290,573,819,701.45,662.63,1217,975,685,75,50,63.95
315,12125353,487,909,937,379,732.98,658.5,1217,975,685,75,50,-59.67
315,12125382,513,1189,633,675,735.81,656.55,1217,975,685,75,50,-44.1
315,12125383,1088,1696,605,1210,732.45,655.57,1217,975,685,75,50,-58.85
315,12125384,1823,1379,607,731,728.32,656.99,1217,975,685,75,50,-168.11
315,12125590,1382,295,593,768,796.28,657.44,1217,975,685,75,50,85.29
315,12125819,855,374,596,763,701.6,656.19,1217,975,685,75,50,40.09
315,12126815,1355,272,577,1127,716.42,657.8,1217,975,685,75,50,114.47
315,12127837,584,1334,630,1272,727.72,657.86,1217,975,685,75,50,-2.72
315,12129125,570,1329,589,783,737.51,656.69,1217,975,685,75,50,-45.68
315,12132090,1237,268,572,842,707.28,658.57,1217,975,685,75,50,79.97
315,12134105,489,1067,564,834,733.79,668.05,1217,975,685,75,50,-19.39
315,12134243,1054,281,559,931,712.88,659.47,1217,975,685,75,50,72.96
315,12134463,1358,278,586,796,711.12,655.9,1217,975,685,75,50,85.6
341,12124287,1600,321,651,1317,757.9,661.3,1217,975,735,75,90,151.5
341,12125456,1239,209,1804,654,766.32,669.04,1217,975,735,75,90,-59.68
341,12125461,1337,221,1842,735,763.49,669.5,1217,975,735,75,90,-59.95
341,12126169,1876,1372,905,384,769.34,668.3,1217,975,735,75,90,148.9
341,12126391,1055,1750,617,1251,791.75,660.44,1217,975,735,75,90,-53.49
341,12126501,1370,220,1357,325,770.35,664.91,1217,975,735,75,90,-0.7
341,12126522,1961,783,1678,1442,768.37,656.21,1217,975,735,75,90,-59.84
341,12126614,1983,1111,566,1097,777.98,662.33,1217,975,735,75,90,-159.32
341,12126824,1812,497,1835,1211,763.22,661.53,1217,975,735,75,90,-59.68
341,12126962,813,1637,554,957,775.54,663.24,1217,975,735,75,90,-60.16
341,12127246,517,1325,654,624,782.62,663.45,1217,975,735,75,90,-58.51
341,12127329,785,1629,856,1529,783.8,661.24,1217,975,735,75,90,0.36
341,12127424,438,970,881,402,680.02,664.25,1217,975,735,75,90,-59.25
341,12127490,1600,345,1551,397,737.28,667.56,1217,975,735,75,90,1.28
341,12127711,718,393,1442,349,766.63,665.21,1217,975,735,75,90,-60.38
341,12127891,500,700,1106,317,767.93,667.3,1217,975,735,75,90,-59.44
341,12128080,1840,535,1819,1246,762.71,660.19,1217,975,735,75,90,-59.47
341,12128116,1498,270,1871,865,758.94,663.19,1217,975,735,75,90,-58.72
341,12128131,1077,229,1763,598,759.02,663.51,1217,975,735,75,90,-66.0
341,12128202,1525,1679,1497,1574,768.43,661.21,1217,975,735,75,90,1.42
341,12128229,1993,1004,1880,994,776.54,663.27,1217,975,735,75,90,0.5
341,12128355,1467,254,572,803,763.11,667.54,1217,975,735,75,90,94.19
341,12128365,692,421,753,498,763.24,665.45,1217,975,735,75,90,0.75
341,12128453,437,967,895,394,780.04,664.26,1217,975,735,75,90,-60.42
341,12128499,493,719,1096,320,767.93,666.08,1217,975,735,75,90,-60.06
341,12128646,446,990,558,984,771.15,659.06,1217,975,735,75,90,-0.33
341,12128769,696,1542,768,1458,770.02,659.46,1217,975,735,75,90,-0.33
341,12128867,1945,644,1815,685,799.72,691.73,1217,975,735,75,90,1.42
341,12128917,623,494,701,554,764.33,665.96,1217,975,735,75,90,-0.21
341,12128922,556,587,650,630,766.46,663.71,1217,975,735,75,90,-0.91
341,12128942,1979,1069,1876,1053,767.78,663.6,1217,975,735,75,90,0.28
341,12128962,1898,623,1773,1333,766.59,661.29,1217,975,735,75,90,-60.11
341,12128977,449,981,884,399,768.02,665.33,1217,975,735,75,90,-60.41
341,12129022,745,378,805,451,761.05,6858.05,1217,975,735,75,90,-0.15
341,12129144,1416,249,569,1125,752.78,665.13,1217,975,735,75,90,118.36
341,12129155,1229,217,1798,657,758.09,662.33,1217,975,735,75,90,-60.4
341,12129257,1632,1622,1579,1530,768.66,662.62,1217,975,735,75,90,0.44
341,12129287,465,1129,568,1113,767.61,663.51,1217,975,735,75,90,0.43
341,12129376,794,344,856,416,759.66,665.43,1217,975,735,75,90,-0.98
341,12129401,1851,554,1774,617,761.05,662.13,1217,975,735,75,90,-0.86
341,12129608,1807,492,1834,1209,762.49,659.88,1217,975,735,75,90,-60.07
341,12129726,673,431,661,1332,769.33,660.75,1217,975,735,75,90,77.7
341,12129872,1271,1752,617,1255,778.87,662.12,1217,975,735,75,90,-68.96
341,12129907,1052,237,1705,529,756.22,661.11,1217,975,735,75,90,-60.18
341,12129947,556,581,1228,309,769.52,666.09,1217,975,735,75,90,-60.15
341,12130038,1331,1749,1322,1626,782.35,659.41,1217,975,735,75,90,0.78
341,12130049,1588,1664,1536,1553,782.54,660.19,1217,975,735,75,90,0.59
341,12130089,980,251,1663,484,761.8,663.32,1217,975,735,75,90,-60.38
341,12130171,1399,1728,1374,1615,774.68,658.98,1217,975,735,75,90,0.2
341,12130291,779,356,1500,374,758.29,664.3,1217,975,735,75,90,-60.5
341,12130807,805,1624,555,963,768.73,662.11,1217,975,735,75,90,-58.63
341,12130955,1978,895,615,1254,765.19,663.51,1217,975,735,75,90,-161.14
341,12131040,1459,1711,555,918,774.76,664.45,1217,975,735,75,90,-113.12
341,12131381,586,1431,680,1361,778.52,661.34,1217,975,735,75,90,-0.15
341,12131548,656,469,635,1295,755.48,664.17,1217,975,735,75,90,70.85
341,12131585,1314,221,1828,732,760.21,657.55,1217,975,735,75,90,-60.98
341,12131911,455,1135,563,1098,778.62,665.47,1217,975,735,75,90,-1.21
341,12132014,1184,1751,568,821,776.7,667.02,1217,975,735,75,90,-100.91
341,12132108,890,287,926,376,761.76,665.94,1217,975,735,75,90,0.49
341,12132301,431,985,553,993,786.06,664.24,1217,975,735,75,90,0.82
341,12132357,1521,272,1489,367,765.91,666.07,1217,975,735,75,90,-0.72
341,12132420,494,1242,1816,689,770.73,663.77,1217,975,735,75,90,-174.75
341,12132441,1075,224,1724,546,764.31,664.15,1217,975,735,75,90,-60.47
341,12132447,1310,223,1833,719,757.73,667.08,1217,975,735,75,90,-60.38
341,12132747,1646,346,1881,1021,761.37,665.59,1217,975,735,75,90,-59.67
341,12133030,630,1490,582,767,780.89,668.2,1217,975,735,75,90,-59.4
341,12133103,1899,607,562,1080,774.95,663.36,1217,975,735,75,90,160.76
341,12133113,1619,1645,1564,1541,781.35,663.9,1217,975,735,75,90,0.55
341,12133133,1022,238,1049,331,762.36,665.55,1217,975,735,75,90,-0.2
341,12133309,1616,327,1881,1005,760.99,664.68,1217,975,735,75,90,-60.96
341,12133672,465,824,561,854,767.01,667.07,1217,975,735,75,90,0.9
341,12134040,697,1550,559,852,775.26,669.4,1217,975,735,75,90,-58.46
341,12134351,1981,858,1875,873,772.91,665.86,1217,975,735,75,90,0.1
341,12134373,1509,282,644,1313,752.01,665.26,1217,975,735,75,90,143.38
341,12134385,917,288,554,1070,749.65,669.77,1217,975,735,75,90,74.56
341,12134452,1190,219,1784,623,756.48,667.38,1217,975,735,75,90,-60.21
341,12134479,1430,251,1865,821,754.68,666.05,1217,975,735,75,90,-60.24
341,12134847,700,420,713,1412,758.49,667.07,1217,975,735,75,90,87.96
341,12135469,1751,431,1855,1146,762.29,660.52,1217,975,735,75,90,-60.54
341,12135504,581,548,1257,310,766.05,666.2,1217,975,735,75,90,-59.57
341,12135522,492,1252,599,1211,776.11,661.53,1217,975,735,75,90,-0.01
353,12123924,611,539,795,1546,746.55,710.02,1217,975,740,130,70,89.27
353,12125027,1469,272,634,1374,746.8,706.46,1217,975,740,130,70,144.11
353,12125494,1906,540,1859,1303,814.83,720.94,1217,975,740,130,70,-59.33
353,12125966,900,1733,498,1080,821.62,1079.35,1217,975,740,130,70,-59.0
353,12125967,1877,1471,545,1250,825.6,726.09,1217,975,740,130,70,-120.82
353,12134260,1221,228,656,1404,747.01,706.23,1217,975,740,130,70,127.71
355,12123364,1404,241,689,1446,757.45,707.55,1217,975,730,120,55,146.03
355,12124412,453,1022,830,382,765.44,708.11,1217,975,730,120,55,-60.39
355,12124489,469,880,596,1324,754.01,712.35,1217,975,730,120,55,36.57
355,12124672,2001,1237,630,1383,826.62,714.87,1217,975,730,120,55,-126.72
355,12124675,1971,679,647,1418,810.02,721.91,1217,975,730,120,55,-163.58
355,12124815,1425,251,603,1325,753.29,706.75,1217,975,730,120,55,135.71
355,12124825,687,419,718,471,768.14,709.24,1217,975,730,120,55,1.09
355,12125001,1686,376,725,1480,760.76,705.05,1217,975,730,120,55,173.81
355,12125375,446,996,668,1413,771.29,702.31,1217,975,730,120,55,37.02
355,12125885,842,1679,689,1441,797.65,704.23,1217,975,730,120,55,-20.53
355,12125956,1054,231,1056,285,761.65,708.53,1217,975,730,120,55,0.78
355,12127322,1124,182,575,1308,798.43,723.22,1217,975,730,120,55,110.73
355,12127942,1231,1757,622,1351,782.13,703.85,1217,975,730,120,55,-58.74
355,12128628,1864,1390,724,1483,768.66,707.89,1217,975,730,120,55,-101.46
355,12128634,1888,615,1843,638,761.47,710.95,1217,975,730,120,55,0.08
355,12129429,1424,249,515,1061,754.93,707.25,1217,975,730,120,55,112.9
355,12129430,950,269,510,1005,754.8,707.64,1217,975,730,120,55,71.71
355,12129504,1294,229,531,1147,749.96,707.23,1217,975,730,120,55,109.97
355,12129508,1051,1862,552,1218,902.4,708.01,1217,975,730,120,55,-59.33
355,12129515,1251,1753,629,1364,778.74,705.03,1217,975,730,120,55,-59.02
355,12129676,1031,245,542,1193,753.32,709.33,1217,975,730,120,55,93.6
355,12129689,1949,686,1879,721,786.98,709.06,1217,975,730,120,55,-0.55
355,12130321,1379,1753,700,1460,794.69,708.88,1217,975,730,120,55,-58.59
355,12130358,1964,1108,751,1507,758.75,707.23,1217,975,730,120,55,-121.12
355,12130430,1284,1770,637,1388,797.82,712.02,1217,975,730,120,55,-59.36
355,12130756,1112,231,511,1060,751.37,711.1,1217,975,730,120,55,88.83
355,12130932,1981,1035,1529,1609,766.35,706.61,1217,975,730,120,55,-59.31
355,12131214,1811,1460,513,1033,766.85,706.39,1217,975,730,120,55,-136.06
355,12132179,384,932,740,1518,834.11,722.76,1217,975,730,120,55,51.66
355,12132244,1939,1388,532,1202,831.78,721.63,1217,975,730,120,55,-131.89
355,12132305,1096,234,703,1458,750.81,705.33,1217,975,730,120,55,123.94
355,12132798,1083,1738,557,1225,774.68,705.76,1217,975,730,120,55,-59.29
355,12133572,449,1080,529,1133,775.14,705.91,1217,975,730,120,55,5.15
355,12134008,1768,1523,1722,1468,777.11,705.74,1217,975,730,120,55,0.53
355,12134148,1049,190,529,1193,802.78,721.71,1217,975,730,120,55,95.5
355,12134150,477,603,1171,253,828.24,723.46,1217,975,730,120,55,-59.67
355,12134151,684,365,516,1152,810.05,723,1217,975,730,120,55,63.02
355,12134323,761,305,551,1257,810.45,723.24,1217,975,730,120,55,78.71
355,12134370,569,602,511,880,747.69,712.36,1217,975,730,120,55,22.26
355,12135016,1980,984,533,790,763.05,708.58,1217,975,730,120,55,165.54
355,12135035,1973,1126,530,791,770.93,711.21,1217,975,730,120,55,176.3
355,12135098,591,1424,537,1183,770.37,342.41,1217,975,730,120,55,-18.64
355,12135645,848,317,553,1214,754.4,705.7,1217,975,730,120,55,80.51
356,12122938,433,1224,501,1000,822.59,716.44,1217,975,740,120,55,-15.62
356,12122940,1868,1478,1133,1689,822.68,718.92,1217,975,740,120,55,-59.02
356,12122962,1067,190,496,1031,799.2,723.17,1217,975,740,120,55,83.62
356,12122964,465,1315,502,942,825.29,715.76,1217,975,740,120,55,-26.97
356,12123058,1592,265,508,1037,802.95,711.71,1217,975,740,120,55,122.84
356,12123059,1298,183,501,941,796.13,716.81,1217,975,740,120,55,93.12
356,12123209,1269,173,501,919,803.68,718.19,1217,975,740,120,55,89.24
356,12123322,1658,296,494,921,809.64,725.01,1217,975,740,120,55,118.73
356,12123330,1985,1268,508,897,821.99,713.28,1217,975,740,120,55,-165.4
356,12123331,1817,1541,502,1032,824.84,717.27,1217,975,740,120,55,-132.11
356,12123333,867,1714,501,1052,817.69,720.13,1217,975,740,120,55,-58.52
356,12123398,1718,343,500,1044,806.49,720.31,1217,975,740,120,55,133.9
356,12123401,545,509,498,1027,817.77,720.88,1217,975,740,120,55,38.88
356,12123403,417,1177,504,1032,825.11,715.27,1217,975,740,120,55,-9.6
356,12123420,1929,589,494,941,809.9,723.8,1217,975,740,120,55,148.84
356,12123616,1014,253,539,1158,750,702.26,1217,975,740,120,55,89.4
356,12123710,1742,356,497,970,811.66,720.02,1217,975,740,120,55,129.9
356,12124047,472,1017,520,1017,746.18,698.26,1217,975,740,120,55,0.22
356,12124074,1342,231,515,990,754.43,702.16,1217,975,740,120,55,100.76
356,12124079,1965,1063,512,902,753.16,708.77,1217,975,740,120,55,-179.2
356,12124113,746,367,520,1028,769.09,699.01,1217,975,740,120,55,56.58
356,12124162,451,1288,491,1006,827.48,726.66,1217,975,740,120,55,-19.78
356,12124416,759,1655,583,1306,819.86,715.2,1217,975,740,120,55,-28.47
356,12124827,1072,1783,528,1176,820.91,717.72,1217,975,740,120,55,-63.56
356,12124828,1686,317,566,1255,808.04,708.66,1217,975,740,120,55,148.75
356,12124919,1200,177,522,1144,798.18,715.25,1217,975,740,120,55,102.45
356,12124924,1688,323,501,1053,804.33,720.24,1217,975,740,120,55,132.06
356,12124994,1972,992,523,967,755.19,694.05,1217,975,740,120,55,-179.37
356,12125209,699,343,501,993,817.16,716.23,1217,975,740,120,55,52.1
356,12125978,1924,566,514,845,816.78,714.92,1217,975,740,120,55,139.47
356,12126064,1694,401,562,726,746.33,700.73,1217,975,740,120,55,108.91
356,12126082,558,608,520,872,754.3,704.57,1217,975,740,120,55,20.71
356,12126122,635,1460,546,760,757.59,704.6,1217,975,740,120,55,-57.57
356,12126155,1945,1180,1402,1649,756.31,698.93,1217,975,740,120,55,-58.92
356,12126191,881,302,553,1161,752.21,689.56,1217,975,740,120,55,79.12
356,12126198,1916,1550,517,1004,905.11,700.6,1217,975,740,120,55,-138.19
356,12126206,942,271,519,1015,755.8,699.15,1217,975,740,120,55,71.94
356,12126589,821,331,533,1111,756.01,697.39,1217,975,740,120,55,69.66
356,12126596,520,697,519,949,750.4,698.48,1217,975,740,120,55,19.61
356,12127147,517,1542,515,903,900.83,705.68,1217,975,740,120,55,-44.86
356,12127150,2078,721,521,1057,897.68,700.81,1217,975,740,120,55,170.28
356,12127335,461,1089,565,1222,764.55,697.22,1217,975,740,120,55,12.17
356,12128250,1862,566,557,1206,763.74,699.26,1217,975,740,120,55,166.91
356,12128285,489,1289,554,1203,792.83,701.11,1217,975,740,120,55,-4.35
356,12128287,546,1386,550,1183,786.87,698.68,1217,975,740,120,55,-14.17
356,12128510,503,550,517,1117,830.92,714.26,1217,975,740,120,55,42.23
356,12128511,557,1471,504,1014,825.6,714.07,1217,975,740,120,55,-33.79
356,12128513,1648,294,528,1162,805.93,713.93,1217,975,740,120,55,137.51
356,12128658,481,1355,607,586,828.31,723.48,1217,975,740,120,55,-59.83
356,12128669,643,1490,533,1103,771.17,695.87,1217,975,740,120,55,-31.3
356,12128813,1841,1524,1097,1674,831.13,709.23,1217,975,740,120,55,-58.4
356,12129020,393,1276,681,526,877.26,699.21,1217,975,740,120,55,-60.02
356,12129955,2042,1340,519,993,902.14,698.23,1217,975,740,120,55,-154.66
356,12130005,1413,246,551,1181,754.89,697.13,1217,975,740,120,55,122.24
356,12130071,435,1438,530,1023,908.79,688.67,1217,975,740,120,55,-26.63
356,12130366,1993,715,1757,1436,818.4,710.01,1217,975,740,120,55,-59.01
356,12130367,1638,291,506,1024,803.18,712.69,1217,975,740,120,55,125.55
356,12130449,607,1637,516,995,900.19,701.29,1217,975,740,120,55,-45.71
356,12130601,1235,223,530,1017,752.22,688.28,1217,975,740,120,55,94.87
356,12130654,890,284,567,1194,764.47,685.9,1217,975,740,120,55,83.3
356,12130725,547,499,520,1116,821.87,711.12,1217,975,740,120,55,46.83
356,12131259,1965,1045,539,1148,751.27,699.72,1217,975,740,120,55,-160.34
356,12131377,485,1361,506,966,827.54,711.06,1217,975,740,120,55,-28.53
356,12131594,540,1347,528,948,772.47,689.53,1217,975,740,120,55,-31.03
356,12131743,1584,307,1914,961,762.18,697.14,1217,975,740,120,55,-60.06
356,12131914,1940,731,1741,1430,763.06,693.97,1217,975,740,120,55,-59.62
356,12132708,775,358,1502,335,758.98,700.59,1217,975,740,120,55,-59.62
356,12133224,397,1117,516,1100,832.2,712.06,1217,975,740,120,55,0.29
356,12133227,1939,1380,535,1189,827.83,714.79,1217,975,740,120,55,-133.29
356,12133421,664,1513,525,890,771.53,697.2,1217,975,740,120,55,-51.21
356,12133756,1898,1594,1087,1661,920.28,698.21,1217,975,740,120,55,-58.46
356,12133825,1929,1524,1131,1671,899.08,701.29,1217,975,740,120,55,-59.41
356,12133875,1988,1414,550,1178,887.22,697.21,1217,975,740,120,55,-133.42
356,12134053,2045,923,1618,1550,829.63,701.02,1217,975,740,120,55,-58.7
356,12134083,1935,760,518,996,749.5,699.32,1217,975,740,120,55,165.05
356,12134347,1719,413,1897,1115,753.56,694.26,1217,975,740,120,55,-59.86
356,12134831,814,269,510,873,812.92,714.32,1217,975,740,120,55,52.07
356,12135233,821,263,1580,361,814.71,713.28,1217,975,740,120,55,-59.67
356,12135334,1735,1631,974,1643,835.86,710.83,1217,975,740,120,55,-58.29
356,12135355,449,1287,514,1076,828.96,710.22,1217,975,740,120,55,-13.93
356,12135357,1049,1781,523,1128,823.32,710.67,1217,975,740,120,55,-65.79
356,12135507,2041,937,501,1044,824.88,719.32,1217,975,740,120,55,-177.14
356,12135547,397,852,502,960,829.17,715.16,1217,975,740,120,55,7.33
356,12135548,746,306,1503,320,818.17,714.72,1217,975,740,120,55,-58.73
356,12135598,586,1503,493,940,822.77,724.85,1217,975,740,120,55,-42.69
369,12122959,1970,1307,502,1008,822.94,715.76,1217,975,740,120,55,-153.56
369,12123688,1192,223,527,987,752.42,690.1,1217,975,740,120,55,89.09
369,12124009,742,397,528,1014,748.14,690.1,1217,975,740,120,55,53.83
369,12124145,829,1698,500,1011,820.53,717.9,1217,975,740,120,55,-58.91
369,12124147,452,665,548,1219,741.87,712.11,1217,975,740,120,55,42.1
369,12124157,1223,1755,1233,1672,780.02,697.18,1217,975,740,120,55,0.87
369,12124602,1866,606,559,1208,746.57,698.04,1217,975,740,120,55,169.88
369,12124889,1651,1681,514,1063,828.73,708.49,1217,975,740,120,55,-114.45
369,12124936,1877,1477,1144,1683,829.22,711.75,1217,975,740,120,55,-58.63
369,12124938,649,402,531,1148,806.82,707.48,1217,975,740,120,55,59.41
369,12125877,1645,1684,512,961,828.17,705.14,1217,975,740,120,55,-122.26
369,12125878,590,1506,1516,322,821.64,718.2,1217,975,740,120,55,-154.86
369,12125880,1984,701,511,1104,814.47,717.69,1217,975,740,120,55,170.7
369,12125953,1658,304,509,887,802.95,713.45,1217,975,740,120,55,116.23
369,12126074,1583,1716,515,850,826.46,713.04,1217,975,740,120,55,-126.38
369,12126075,629,417,1912,813,810.62,713.63,1217,975,740,120,55,-123.38
369,12126077,637,1556,528,813,820.95,707.79,1217,975,740,120,55,-58.28
369,12126238,736,390,532,1061,757.35,690.38,1217,975,740,120,55,57.73
369,12126383,634,404,556,1225,816.05,706.7,1217,975,740,120,55,65.12
369,12126504,1802,1565,597,1315,830.86,707.11,1217,975,740,120,55,-106.02
369,12126575,1740,439,511,902,748.88,709.76,1217,975,740,120,55,128.39
369,12126650,2016,1223,512,1088,836.6,714,1217,975,740,120,55,-153.65
369,12126734,1883,1461,520,1096,824.47,707.42,1217,975,740,120,55,-134.03
369,12126837,892,284,542,1162,763.61,700.42,1217,975,740,120,55,80.3
369,12127031,767,295,1910,808,815.41,712.84,1217,975,740,120,55,-109.95
369,12127091,778,1678,496,995,828.81,721.28,1217,975,740,120,55,-56.43
369,12127243,1671,302,528,1161,811.82,713.66,1217,975,740,120,55,139.11
369,12127378,697,344,496,1017,817.66,722.22,1217,975,740,120,55,53.84
369,12127845,1184,114,518,935,861.63,700.14,1217,975,740,120,55,84.53
369,12128423,451,888,593,1288,770.92,698.1,1217,975,740,120,55,33.12
369,12130616,970,265,521,898,751.74,700.25,1217,975,740,120,55,64.5
369,12131708,869,248,503,1036,806,716.6,1217,975,740,120,55,69.3
369,12131709,534,1446,633,1392,829.66,717.6,1217,975,740,120,55,0.94
369,12131710,437,697,514,1091,828.06,712.51,1217,975,740,120,55,28.99
369,12132491,1174,217,1177,279,759.22,697.15,1217,975,740,120,55,0.04
369,12132836,459,1314,619,572,830.35,721.12,1217,975,740,120,55,-58.07
369,12132838,407,850,935,315,819.59,717.72,1217,975,740,120,55,-58.09
369,12132966,2046,963,527,1160,829.09,714.37,1217,975,740,120,55,-165.82
369,12133664,777,1675,497,955,826.8,720.28,1217,975,740,120,55,-59.44
369,12133878,2030,1202,538,1100,844.1,690.41,1217,975,740,120,55,-153.97
369,12134374,387,994,530,1133,830.22,704.93,1217,975,740,120,55,11.64
369,12134375,1376,191,504,987,799.96,713.1,1217,975,740,120,55,102.43
369,12134522,1982,667,520,1093,824.68,706.92,1217,975,740,120,55,167.68
369,12134709,396,870,518,1107,827.69,711.35,1217,975,740,120,55,17.98
369,12134907,1850,458,502,1066,817.3,720.77,1217,975,740,120,55,148.01
369,12135047,593,443,1902,803,820,706.26,1217,975,740,120,55,-125.46
369,12135050,1375,185,1904,800,805.65,708.94,1217,975,740,120,55,-64.4
369,12135153,558,1479,1907,812,829.64,708.99,1217,975,740,120,55,155.88
381,12123064,1912,1533,1836,1464,891.29,788.85,1217,975,810,120,55,0.45
381,12123774,2074,906,2010,931,859.77,794.22,1217,975,810,120,55,-1.43
381,12123994,1769,1685,1711,1591,899.34,789.62,1217,975,810,120,55,0.86
381,12124220,1868,1589,1791,1516,894.87,788.77,1217,975,810,120,55,0.02
381,12124844,1198,132,698,370,843.21,797.11,1217,975,810,120,55,39.33
381,12124846,2044,757,1389,1738,855.25,782.15,1217,975,810,120,55,-92.06
381,12124847,1827,1580,1903,581,859.14,791.1,1217,975,810,120,55,74.63
381,12127617,1904,480,1171,180,846.75,796.33,1217,975,810,120,55,57.54
381,12127618,1416,1809,648,1522,857.41,789.28,1217,975,810,120,55,-59.55
381,12127651,1332,138,1699,335,844.86,801.2,1217,975,810,120,55,-29.16
381,12127652,1181,1833,1148,179,858.75,798.98,1217,975,810,120,55,-172.64
381,12128310,342,1229,460,1219,911.12,795.35,1217,975,810,120,55,1.68
381,12130354,2070,880,1226,1759,858.27,784.05,1217,975,810,120,55,-95.7
381,12130356,648,1621,1282,1757,860.86,784.7,1217,975,810,120,55,46.13
381,12130482,1940,527,1323,182,850.55,800.05,1217,975,810,120,55,50.6
381,12131333,615,297,686,385,906.69,793.76,1217,975,810,120,55,0.39
381,12131334,1281,99,1248,179,878.33,796.6,1217,975,810,120,55,1.95
381,12131362,1737,1659,443,1144,859.22,792.24,1217,975,810,120,55,-114.93
381,12131838,1862,368,1192,1764,885.71,789.4,1217,975,810,120,55,-135.08
381,12133702,325,777,447,779,913.71,794.55,1217,975,810,120,55,-1.77
381,12134307,1007,1811,1979,1175,861.97,787.81,1217,975,810,120,55,89.39
381,12134308,1763,1643,958,1718,862.75,786.85,1217,975,810,120,55,-58.48
381,12134321,2076,1074,2001,1046,864.69,787.21,1217,975,810,120,55,1.4
381,12134922,400,1396,502,1316,919.09,792.15,1217,975,810,120,55,-1.76
381,12135125,1829,385,500,1306,850.08,789.72,1217,975,810,120,55,160.83
381,12135269,1315,1829,2003,1065,859.6,791.14,1217,975,810,120,55,76.92
382,12123304,366,1286,468,1252,906.05,798.58,1217,975,810,120,55,0.22
382,12123459,2079,1234,1967,1185,900.07,778.85,1217,975,810,120,55,1.08
382,12124638,2094,761,1974,774,902.73,783.23,1217,975,810,120,55,1.16
382,12131443,1093,106,1835,478,877.8,793.05,1217,975,810,120,55,-59.31
382,12132264,2094,799,1993,803,894.49,794.83,1217,975,810,120,55,1.15
382,12132640,1418,120,1971,751,878.31,786.57,1217,975,810,120,55,-60.22
382,12133122,1460,120,1984,789,888.86,789.23,1217,975,810,120,55,-60.5
382,12134322,2003,1326,503,622,860.81,796.5,1217,975,810,120,55,177.76
383,12122508,1354,105,1945,689,880.72,782.16,1217,975,810,120,55,-59.6
383,12122527,1087,100,1834,481,884.6,790.4,1217,975,810,120,55,-59.77
383,12123191,1801,357,561,514,850.28,801.78,1217,975,810,120,55,98.28
383,12123192,1246,125,1886,562,850.49,786.21,1217,975,810,120,55,-56.36
383,12123194,1930,1456,1179,1750,860.08,775.93,1217,975,810,120,55,-58.8
383,12124238,1837,343,1761,400,885.34,791.56,1217,975,810,120,55,1.04
383,12124984,329,1181,450,1155,911.58,787.84,1217,975,810,120,55,0.15
383,12125349,1214,1834,1999,1035,859.01,784.3,1217,975,810,120,55,85.81
383,12125350,2076,841,1269,178,869.39,798.69,1217,975,810,120,55,77.4
383,12125351,1262,1844,559,1406,870.16,786.59,1217,975,810,120,55,-59.74
383,12125352,352,1000,1335,186,865.36,797.78,1217,975,810,120,55,-100.16
383,12125824,1967,561,493,646,856.68,795.25,1217,975,810,120,55,126.66
383,12125826,1297,1833,435,845,861.72,792.73,1217,975,810,120,55,-104.77
383,12125827,443,1366,1998,888,867.15,785.83,1217,975,810,120,55,159.55
383,12125902,2078,1053,754,325,864.53,798.04,1217,975,810,120,55,130.64
383,12125903,1312,1828,1591,280,858.27,789.24,1217,975,810,120,55,145.36
383,12125905,398,697,485,1282,864.9,793.77,1217,975,810,120,55,41.5
383,12125971,929,184,1430,1728,841.8,782.55,1217,975,810,120,55,175.79
383,12127029,1240,132,1400,206,843.31,790.47,1217,975,810,120,55,-11.82
383,12127131,1591,171,1540,251,886.73,792.78,1217,975,810,120,55,0.9
383,12127330,2063,801,431,885,863.71,791.14,1217,975,810,120,55,161.85
383,12127332,1115,138,1976,751,843.19,791.36,1217,975,810,120,55,-80.51
383,12127393,1715,1679,446,1168,862.33,794.79,1217,975,810,120,55,-111.22
383,12127394,347,1004,1425,1729,870.48,782.16,1217,975,810,120,55,103.51
383,12127493,691,316,1221,1759,843.18,784.01,1217,975,810,120,55,141.7
383,12128082,636,362,935,233,844.59,793.78,1217,975,810,120,55,-22.66
383,12128084,562,438,660,1520,846.99,779.28,1217,975,810,120,55,83.72
383,12128198,317,1132,435,1110,913.59,782.65,1217,975,810,120,55,-0.1
383,12128201,1361,103,1943,705,883.81,774.58,1217,975,810,120,55,-60.22
383,12128366,1833,388,1782,419,850.9,792.69,1217,975,810,120,55,0.92
383,12128367,1307,128,1081,197,851.77,789.8,1217,975,810,120,55,15.98
383,12128579,1956,485,1863,540,886.69,778.81,1217,975,810,120,55,0.41
383,12128770,1781,1632,970,1717,865.88,782.03,1217,975,810,120,55,-59.06
383,12128771,1368,1827,631,1499,865.28,786.11,1217,975,810,120,55,-58.25
383,12128772,416,650,1639,300,864.42,796.06,1217,975,810,120,55,-99.93
383,12129074,1326,102,1937,667,879.78,783.11,1217,975,810,120,55,-59.72
383,12129133,458,1393,1324,191,866.49,791.27,1217,975,810,120,55,-126.61
383,12129289,761,264,1524,239,844.66,797.46,1217,975,810,120,55,-55.32
383,12129290,1604,1749,1581,1667,865.36,781.9,1217,975,810,120,55,1.18
383,12129291,913,193,1947,1249,839.01,779.73,1217,975,810,120,55,-131.82
383,12129611,1627,1732,810,1648,860.9,786.5,1217,975,810,120,55,-59.6
383,12129898,1302,97,1926,651,882.1,779.52,1217,975,810,120,55,-59.91
383,12130051,1857,403,698,1560,858.36,782.04,1217,975,810,120,55,-173.37
383,12130053,902,1777,579,535,861.64,775.01,1217,975,810,120,55,-103.15
383,12130302,1616,222,1447,234,852.18,775.87,1217,975,810,120,55,10.67
383,12130303,354,912,1954,1243,865.3,784.21,1217,975,810,120,55,164.19
383,12130390,1883,437,1893,1361,856.15,778.44,1217,975,810,120,55,-68.66
383,12130392,1381,144,1995,1013,847.03,778.93,1217,975,810,120,55,-81.63
383,12130809,868,1763,441,1077,861.83,782.67,1217,975,810,120,55,-58.62
383,12131122,1011,1813,1109,186,862.95,796.36,1217,975,810,120,55,-158.39
383,12132748,1695,271,1499,223,850.94,803.14,1217,975,810,120,55,13.62
383,12132749,2082,954,1799,437,865.25,792.57,1217,975,810,120,55,41.36
383,12132751,933,186,896,243,838.56,799.29,1217,975,810,120,55,3.88
383,12132893,2110,1117,1997,1090,904.22,788.43,1217,975,810,120,55,0.65
383,12133011,2068,821,1725,1568,864.82,780.84,1217,975,810,120,55,-59.67
383,12133261,1367,114,1953,712,873.97,781.58,1217,975,810,120,55,-60.45
383,12133262,1003,126,1018,210,875.56,790.46,1217,975,810,120,55,0.43
383,12133338,350,1006,745,1600,867.55,783.2,1217,975,810,120,55,50.89
383,12133339,1215,1843,1058,1741,868,782.33,1217,975,810,120,55,-11.59
383,12133514,1311,1830,586,1448,860.15,788.6,1217,975,810,120,55,-59.42
383,12133587,670,1641,1248,1756,861.84,781.61,1217,975,810,120,55,41.67
383,12134395,1142,1839,1903,595,867.25,784.22,1217,975,810,120,55,123.94
383,12134396,1847,1562,661,405,861.09,796.26,1217,975,810,120,55,177.26
383,12134397,358,1088,1545,256,826.76,790.28,1217,975,810,120,55,-122.02
383,12134545,1932,501,1949,1237,857.85,777.48,1217,975,810,120,55,-53.24
383,12134546,2073,864,1361,1742,863.17,780.4,1217,975,810,120,55,-86.76
383,12134548,2026,677,1959,1221,862.14,781.72,1217,975,810,120,55,-38.56
383,12134551,728,1683,1626,302,860.46,787.53,1217,975,810,120,55,-176.66
383,12135063,1948,516,1958,1209,863.16,777.07,1217,975,810,120,55,-49.65
383,12135471,1723,1667,1610,316,857.26,767.29,1217,975,810,120,55,113.02
383,12135473,409,688,1193,177,857.46,798.36,1217,975,810,120,55,-68.72
384,12123378,2036,626,1942,666,890.26,788.1,1217,975,810,120,55,0.0
384,12124530,1360,92,1952,688,894.5,789.05,1217,975,810,120,55,-59.47
384,12124650,408,552,508,614,912.91,795.61,1217,975,810,120,55,0.62
384,12124819,1436,118,1972,769,884.54,782.6,1217,975,810,120,55,-60.4
384,12127824,1964,514,1887,550,877.8,793.43,1217,975,810,120,55,0.71
384,12128806,1288,93,1932,644,884.85,787.9,1217,975,810,120,55,-60.56
384,12128989,1028,87,1809,445,907.89,794.58,1217,975,810,120,55,-60.18
384,12129424,2006,555,1909,604,893.82,785.18,1217,975,810,120,55,0.17
384,12132937,1291,102,1929,629,876.13,791.62,1217,975,810,120,55,-59.24
384,12132949,1411,116,1970,724,880.63,793.73,1217,975,810,120,55,-58.84
